-- Add more students to test the compact view with larger classes

INSERT INTO students (id, class_id, name) VALUES 
('550e8400-e29b-41d4-a716-446655440008', '550e8400-e29b-41d4-a716-446655440002', 'Frank Wilson'),
('550e8400-e29b-41d4-a716-446655440009', '550e8400-e29b-41d4-a716-446655440002', 'Grace Lee'),
('550e8400-e29b-41d4-a716-446655440010', '550e8400-e29b-41d4-a716-446655440002', 'Henry Davis'),
('550e8400-e29b-41d4-a716-446655440011', '550e8400-e29b-41d4-a716-446655440002', 'Ivy Chen'),
('550e8400-e29b-41d4-a716-446655440012', '550e8400-e29b-41d4-a716-446655440002', 'Jack Thompson'),
('550e8400-e29b-41d4-a716-446655440013', '550e8400-e29b-41d4-a716-446655440002', 'Kelly Martinez'),
('550e8400-e29b-41d4-a716-446655440014', '550e8400-e29b-41d4-a716-446655440002', 'Liam Anderson'),
('550e8400-e29b-41d4-a716-446655440015', '550e8400-e29b-41d4-a716-446655440002', 'Maya Patel'),
('550e8400-e29b-41d4-a716-446655440016', '550e8400-e29b-41d4-a716-446655440002', 'Noah Garcia'),
('550e8400-e29b-41d4-a716-446655440017', '550e8400-e29b-41d4-a716-446655440002', 'Olivia Rodriguez'),
('550e8400-e29b-41d4-a716-446655440018', '550e8400-e29b-41d4-a716-446655440002', 'Parker Kim'),
('550e8400-e29b-41d4-a716-446655440019', '550e8400-e29b-41d4-a716-446655440002', 'Quinn Taylor'),
('550e8400-e29b-41d4-a716-446655440020', '550e8400-e29b-41d4-a716-446655440002', 'Ruby White'),
('550e8400-e29b-41d4-a716-446655440021', '550e8400-e29b-41d4-a716-446655440002', 'Sam Mitchell'),
('550e8400-e29b-41d4-a716-446655440022', '550e8400-e29b-41d4-a716-446655440002', 'Tessa Clark');

-- Add cube progress for the new students
INSERT INTO cube_progress (student_id, cube_type, current_level, updated_at) VALUES
('550e8400-e29b-41d4-a716-446655440008', '3x3', '3x3_middle_layer', CURRENT_TIMESTAMP),
('550e8400-e29b-41d4-a716-446655440009', '3x3', '3x3_cross', CURRENT_TIMESTAMP),
('550e8400-e29b-41d4-a716-446655440010', '3x3', '3x3_white_corners', CURRENT_TIMESTAMP),
('550e8400-e29b-41d4-a716-446655440011', '3x3', '3x3_memorization', CURRENT_TIMESTAMP),
('550e8400-e29b-41d4-a716-446655440012', '3x3', '3x3_yellow_face', CURRENT_TIMESTAMP),
('550e8400-e29b-41d4-a716-446655440013', '3x3', '3x3_cross', CURRENT_TIMESTAMP),
('550e8400-e29b-41d4-a716-446655440014', '3x3', '3x3_yellow_cross', CURRENT_TIMESTAMP),
('550e8400-e29b-41d4-a716-446655440015', '3x3', '3x3_last_layer', CURRENT_TIMESTAMP),
('550e8400-e29b-41d4-a716-446655440016', '3x3', '3x3_middle_layer', CURRENT_TIMESTAMP),
('550e8400-e29b-41d4-a716-446655440017', '3x3', '3x3_white_corners', CURRENT_TIMESTAMP),
('550e8400-e29b-41d4-a716-446655440018', '3x3', '3x3_advanced_algorithms', CURRENT_TIMESTAMP),
('550e8400-e29b-41d4-a716-446655440019', '3x3', '3x3_oll', CURRENT_TIMESTAMP),
('550e8400-e29b-41d4-a716-446655440020', '3x3', '3x3_cross', CURRENT_TIMESTAMP),
('550e8400-e29b-41d4-a716-446655440021', '3x3', '3x3_yellow_face', CURRENT_TIMESTAMP),
('550e8400-e29b-41d4-a716-446655440022', '3x3', '3x3_completed', CURRENT_TIMESTAMP);

-- Add some 2x2 progress for variety
INSERT INTO cube_progress (student_id, cube_type, current_level, updated_at) VALUES
('550e8400-e29b-41d4-a716-446655440008', '2x2', '2x2_basics', CURRENT_TIMESTAMP),
('550e8400-e29b-41d4-a716-446655440009', '2x2', '2x2_ortega_method', CURRENT_TIMESTAMP),
('550e8400-e29b-41d4-a716-446655440010', '2x2', '2x2_basics', CURRENT_TIMESTAMP),
('550e8400-e29b-41d4-a716-446655440011', '2x2', '2x2_cll', CURRENT_TIMESTAMP),
('550e8400-e29b-41d4-a716-446655440012', '2x2', '2x2_eg', CURRENT_TIMESTAMP),
('550e8400-e29b-41d4-a716-446655440013', '2x2', '2x2_basics', CURRENT_TIMESTAMP),
('550e8400-e29b-41d4-a716-446655440014', '2x2', '2x2_ortega_method', CURRENT_TIMESTAMP),
('550e8400-e29b-41d4-a716-446655440015', '2x2', '2x2_advanced', CURRENT_TIMESTAMP),
('550e8400-e29b-41d4-a716-446655440016', '2x2', '2x2_basics', CURRENT_TIMESTAMP),
('550e8400-e29b-41d4-a716-446655440017', '2x2', '2x2_cll', CURRENT_TIMESTAMP),
('550e8400-e29b-41d4-a716-446655440018', '2x2', '2x2_completed', CURRENT_TIMESTAMP),
('550e8400-e29b-41d4-a716-446655440019', '2x2', '2x2_advanced', CURRENT_TIMESTAMP),
('550e8400-e29b-41d4-a716-446655440020', '2x2', '2x2_basics', CURRENT_TIMESTAMP),
('550e8400-e29b-41d4-a716-446655440021', '2x2', '2x2_ortega_method', CURRENT_TIMESTAMP),
('550e8400-e29b-41d4-a716-446655440022', '2x2', '2x2_completed', CURRENT_TIMESTAMP);

-- Add some 4x4 progress for advanced students
INSERT INTO cube_progress (student_id, cube_type, current_level, updated_at) VALUES
('550e8400-e29b-41d4-a716-446655440018', '4x4', '4x4_centers', CURRENT_TIMESTAMP),
('550e8400-e29b-41d4-a716-446655440019', '4x4', '4x4_edges', CURRENT_TIMESTAMP),
('550e8400-e29b-41d4-a716-446655440021', '4x4', '4x4_centers', CURRENT_TIMESTAMP),
('550e8400-e29b-41d4-a716-446655440022', '4x4', '4x4_3x3_stage', CURRENT_TIMESTAMP);

-- Add some sample attendance for the new students
INSERT INTO attendance (student_id, status, date) VALUES
('550e8400-e29b-41d4-a716-446655440008', 'PRESENT', CURRENT_DATE),
('550e8400-e29b-41d4-a716-446655440009', 'PRESENT', CURRENT_DATE),
('550e8400-e29b-41d4-a716-446655440010', 'LATE', CURRENT_DATE),
('550e8400-e29b-41d4-a716-446655440011', 'PRESENT', CURRENT_DATE),
('550e8400-e29b-41d4-a716-446655440012', 'PRESENT', CURRENT_DATE),
('550e8400-e29b-41d4-a716-446655440013', 'ABSENT', CURRENT_DATE),
('550e8400-e29b-41d4-a716-446655440014', 'PRESENT', CURRENT_DATE),
('550e8400-e29b-41d4-a716-446655440015', 'PRESENT', CURRENT_DATE),
('550e8400-e29b-41d4-a716-446655440016', 'LATE', CURRENT_DATE),
('550e8400-e29b-41d4-a716-446655440017', 'PRESENT', CURRENT_DATE),
('550e8400-e29b-41d4-a716-446655440018', 'PRESENT', CURRENT_DATE),
('550e8400-e29b-41d4-a716-446655440019', 'PRESENT', CURRENT_DATE),
('550e8400-e29b-41d4-a716-446655440020', 'ABSENT', CURRENT_DATE),
('550e8400-e29b-41d4-a716-446655440021', 'PRESENT', CURRENT_DATE),
('550e8400-e29b-41d4-a716-446655440022', 'PRESENT', CURRENT_DATE);

-- Verification
SELECT 'Total Students:' as info, count(*) as count FROM students
UNION ALL
SELECT 'Total Cube Progress:', count(*) FROM cube_progress
UNION ALL
SELECT 'Total Attendance:', count(*) FROM attendance;